domain,price_usd,bids,auction_end_utc,auction_type,detail_url,domain_rating,ahrefs_rank,org_keywords,org_traffic,org_traffic_value_usd,ahrefs_report_date,ahrefs_fetched_utc,error
chsaintmartin.org,300.0,,,,,24.0,6368917,0,0,,2026-04-05,2026-04-06T06:37:49.672968+00:00,
wwcs.org,69.0,,,,,4.8,27612787,0,0,,2026-04-05,2026-04-06T06:37:53.047152+00:00,
asociacionclaver.org,30.0,,,,,7.0,21998535,1,0,0.0,2026-04-05,2026-04-06T06:37:56.717400+00:00,
horizonchurches.org,103.0,,,,,2.6,38040829,0,0,,2026-04-05,2026-04-06T06:38:00.295120+00:00,
pastrychicago.org,103.0,,,,,1.6,46604699,0,0,,2026-04-05,2026-04-06T06:38:02.929461+00:00,
corescam.org,21.0,,,,,15.0,11307277,13,16,0.06,2026-04-05,2026-04-06T06:38:07.080597+00:00,
africadisastermanagement.org,260.0,,,,,2.0,42421884,0,0,,2026-04-05,2026-04-06T06:38:10.053594+00:00,
fchroma.org,15.0,,,,,39.0,1678363,0,0,,2026-04-05,2026-04-06T06:38:13.024689+00:00,
convertost.org,15.0,,,,,2.1,41657074,0,0,,2026-04-05,2026-04-06T06:38:15.661790+00:00,
rselves.org,15.0,,,,,1.0,52783761,0,0,,2026-04-05,2026-04-06T06:38:19.033291+00:00,
candelovillagefestival.org,15.0,,,,,2.4,39666467,0,0,,2026-04-05,2026-04-06T06:38:22.494015+00:00,
auricular.org,15.0,,,,,1.7,45654261,0,0,,2026-04-05,2026-04-06T06:38:25.111921+00:00,
echelonacademy.org,15.0,,,,,6.0,23032463,0,0,,2026-04-05,2026-04-06T06:38:27.850335+00:00,
gbam.org,15.0,,,,,0.0,134101657,0,0,,2026-04-05,2026-04-06T06:38:30.988899+00:00,
polisheconomicforum.org,15.0,,,,,15.0,11029146,0,0,,2026-04-05,2026-04-06T06:38:34.426262+00:00,
cloudlandcollective.org,15.0,,,,,0.0,83836656,0,0,,2026-04-05,2026-04-06T06:38:37.197518+00:00,
nspdkchi.org,15.0,,,,,0.0,132555118,0,0,,2026-04-05,2026-04-06T06:38:40.812618+00:00,
freezonedubai.org,15.0,,,,,0.0,129086690,0,0,,2026-04-05,2026-04-06T06:38:44.199980+00:00,
wordsinabox.org,15.0,,,,,0.0,159429040,0,0,,2026-04-05,2026-04-06T06:39:06.947895+00:00,
xashytechuniversity.org,15.0,,,,,0.0,139960995,0,0,,2026-04-05,2026-04-06T06:39:10.648880+00:00,
summitnordicskiclub.org,15.0,,,,,1.9,43532430,0,0,,2026-04-05,2026-04-06T06:39:14.727088+00:00,
sixdot.com,118.0,,,,,0.6,60419704,0,0,,2026-04-05,2026-04-06T06:39:18.358151+00:00,
atticusblog.com,196.74,,,,,17.0,10251888,0,0,,2026-04-05,2026-04-06T06:39:22.117230+00:00,
csinema.com,78.0,,,,,7.0,21789487,6,69,0.0,2026-04-05,2026-04-06T06:39:25.670326+00:00,
yjzq.com,210.0,,,,,0.0,231902344,0,0,,2026-04-05,2026-04-06T06:39:29.775674+00:00,
restorania.com,200.0,,,,,4.2,30021700,109,105,8.43,2026-04-05,2026-04-06T06:39:33.816759+00:00,
heu.co,43.0,,,,,0.0,268106298,0,0,,2026-04-05,2026-04-06T06:39:38.333650+00:00,
auyp.com,221.0,,,,,0.0,231950870,0,0,,2026-04-05,2026-04-06T06:39:42.341576+00:00,
wizb.com,130.0,,,,,0.1,76903756,0,0,,2026-04-05,2026-04-06T06:39:45.954412+00:00,
diemax.com,20.0,,,,,0.0,94458522,0,0,,2026-04-05,2026-04-06T06:39:49.618549+00:00,
casinoutomlands.com,128.0,,,,,14.0,12320350,2,0,0.0,2026-04-05,2026-04-06T06:39:53.148677+00:00,
redwoodlabs.com,103.0,,,,,0.0,284559968,0,0,,2026-04-05,2026-04-06T06:39:57.139392+00:00,
colorcafestudio.com,23.0,,,,,1.2,50981984,1,4,0.4,2026-04-05,2026-04-06T06:40:01.327072+00:00,
cantrygold.com,19.0,,,,,25.0,6205843,0,0,,2026-04-05,2026-04-06T06:40:05.546808+00:00,
nnfa.org,83.0,,,,,34.0,2722676,0,0,,2026-04-05,2026-04-06T06:40:09.028516+00:00,
tugatocurioso.com,45.0,,,,,3.7,32541556,0,0,,2026-04-05,2026-04-06T06:40:12.533573+00:00,
singhsrotishop.net,255.0,,,,,9.0,18454078,1,0,0.0,2026-04-05,2026-04-06T06:40:16.105571+00:00,
susanheimonwriting.com,7.0,,,,,4.3,29770295,0,0,,2026-04-05,2026-04-06T06:40:20.006842+00:00,
thebeddowschool.org,9.0,,,,,7.0,20799883,0,0,,2026-04-05,2026-04-06T06:40:24.183332+00:00,
topcasinopromocodes.com,20.0,,,,,53.0,515226,2,0,,2026-04-05,2026-04-06T06:40:28.674187+00:00,
headtotoefashionart.com,51.0,,,,,8.0,20162320,7,0,0.02,2026-04-05,2026-04-06T06:40:33.117083+00:00,
seogrit.com,21.0,,,,,0.0,146470500,0,0,,2026-04-05,2026-04-06T06:40:37.364140+00:00,
grallatech.com,17.0,,,,,1.8,44719501,0,0,,2026-04-05,2026-04-06T06:40:40.769016+00:00,
sozlersitesi.com,32.0,,,,,15.0,11211082,0,0,,2026-04-05,2026-04-06T06:40:44.896776+00:00,
victoriahealthcarebd.com,227.0,,,,,0.8,56008434,5,4,0.0,2026-04-05,2026-04-06T06:40:49.019227+00:00,
redbullholdenracing.com,51.0,,,,,48.0,787100,0,0,,2026-04-05,2026-04-06T06:40:53.006752+00:00,
3wayrestaurant.com,32.0,,,,,0.2,73365216,0,0,,2026-04-05,2026-04-06T06:40:56.873106+00:00,
sbestfood.com,2.0,,,,,6.0,23226084,0,0,,2026-04-05,2026-04-06T06:41:02.509754+00:00,
marblesreunited.com,16.0,,,,,37.0,1956106,0,0,,2026-04-05,2026-04-06T06:41:06.972966+00:00,
chickenroadslot.net,16.0,,,,,36.0,2185903,0,0,,2026-04-05,2026-04-06T06:41:11.375171+00:00,
832771.com,1.0,,,,,14.0,18052606,0,0,,2026-04-05,2026-04-06T06:41:14.353710+00:00,
academiawritings.com,5.0,,,,,1.3,49709953,0,0,,2026-04-05,2026-04-06T06:41:18.309704+00:00,
rboose.com,15.0,,,,,2.9,36337211,0,0,,2026-04-05,2026-04-06T06:41:22.430563+00:00,
puppywise.com,15.0,,,,,0.0,171978911,0,0,,2026-04-05,2026-04-06T06:41:25.303386+00:00,
culturalrelativity.com,15.0,,,,,0.0,140716943,0,0,,2026-04-05,2026-04-06T06:41:28.764940+00:00,
bankloansdirect.com,5.0,,,,,1.2,50067524,0,0,,2026-04-05,2026-04-06T06:41:32.504199+00:00,
zsydled.com,1.0,,,,,2.3,61645197,0,0,,2026-04-05,2026-04-06T06:41:35.086075+00:00,
manicmoms.com,5.0,,,,,0.0,292786434,0,0,,2026-04-05,2026-04-06T06:41:38.096585+00:00,
bakerbookretail.com,15.0,,,,,2.8,36917343,0,0,,2026-04-05,2026-04-06T06:41:40.708654+00:00,
dairytreats.com,15.0,,,,,1.2,50705259,0,0,,2026-04-05,2026-04-06T06:41:43.317773+00:00,
mochisgifts.com,15.0,,,,,0.0,121762973,2,0,0.0,2026-04-05,2026-04-06T06:41:47.102422+00:00,
originalmoney.com,15.0,,,,,0.0,123583324,0,0,,2026-04-05,2026-04-06T06:41:49.969920+00:00,
medsin.org,15.0,,,,,32.0,3032128,0,0,,2026-04-05,2026-04-06T06:41:52.573828+00:00,
sleepapneadevice.com,5.0,,,,,0.0,341973189,0,0,,2026-04-05,2026-04-06T06:41:55.124005+00:00,
micdigi.com,1.0,,,,,7.0,22233077,0,0,,2026-04-05,2026-04-06T06:41:58.554246+00:00,
dizisinema.com,15.0,,,,,0.1,76557247,0,0,,2026-04-05,2026-04-06T06:42:01.617388+00:00,
pupbeddings.com,5.0,,,,,0.0,,0,0,,2026-04-05,2026-04-06T06:42:04.186581+00:00,
pupbedding.com,5.0,,,,,0.0,,0,0,,2026-04-05,2026-04-06T06:42:06.765101+00:00,
besthealthfast.com,5.0,,,,,0.0,133410588,0,0,,2026-04-05,2026-04-06T06:42:09.361732+00:00,
startgpt.com,15.0,,,,,0.0,91592456,0,0,,2026-04-05,2026-04-06T06:42:11.971215+00:00,
ciriacohotel.com,5.0,,,,,0.3,69526443,0,0,,2026-04-05,2026-04-06T06:42:14.840540+00:00,
electricvehicletrader.com,5.0,,,,,0.0,261889093,0,0,,2026-04-05,2026-04-06T06:42:18.196229+00:00,
lattro.com,5.0,,,,,0.0,153637433,0,0,,2026-04-05,2026-04-06T06:42:20.734923+00:00,
orderdonanatys.com,5.0,,,,,0.0,127478993,0,0,,2026-04-05,2026-04-06T06:42:24.202249+00:00,
risecanada.com,15.0,,,,,4.4,29495691,0,0,,2026-04-05,2026-04-06T06:42:27.616911+00:00,
helogic.com,5.0,,,,,0.0,331260148,0,0,,2026-04-05,2026-04-06T06:42:30.982978+00:00,
skincarepanda.com,5.0,,,,,0.5,63636959,0,0,,2026-04-05,2026-04-06T06:42:33.624435+00:00,
cestraspizzabronx.com,15.0,,,,,0.0,256098285,0,0,,2026-04-05,2026-04-06T06:42:36.222590+00:00,
soulfoodcafelasvegas.com,15.0,,,,,0.0,197917449,0,0,,2026-04-05,2026-04-06T06:42:38.783430+00:00,
tijuanasmexicankitchenlincolnpark.com,15.0,,,,,0.0,209135188,0,0,,2026-04-05,2026-04-06T06:42:41.786064+00:00,
lascazuelitascrystallake.com,15.0,,,,,0.0,141135754,0,0,,2026-04-05,2026-04-06T06:42:44.442479+00:00,
montecristomexicangrilldinner.com,15.0,,,,,3.7,32214390,0,0,,2026-04-05,2026-04-06T06:42:47.783307+00:00,
lemongrassthaicuisinepetaluma.com,15.0,,,,,0.9,54977081,0,0,,2026-04-05,2026-04-06T06:42:51.365483+00:00,
milkandhoneycafechicago.com,5.0,,,,,0.0,130743822,0,0,,2026-04-05,2026-04-06T06:42:54.048979+00:00,
eriksdelicafesanjose.com,5.0,,,,,0.0,129523742,0,0,,2026-04-05,2026-04-06T06:42:57.631257+00:00,
twoforksnewyork.com,15.0,,,,,0.1,81277334,0,0,,2026-04-05,2026-04-06T06:43:00.528004+00:00,
hadleyleelightcap.com,15.0,,,,,4.5,28676232,0,0,,2026-04-05,2026-04-06T06:43:03.207209+00:00,
consejoaldia.com,15.0,,,,,0.8,57211428,13,0,0.0,2026-04-05,2026-04-06T06:43:07.198996+00:00,
knowhours.com,15.0,,,,,3.4,33480604,0,0,,2026-04-05,2026-04-06T06:43:10.864867+00:00,
fromsarahlex.com,15.0,,,,,9.0,17682422,0,0,,2026-04-05,2026-04-06T06:43:13.592311+00:00,
815outside.com,15.0,,,,,4.7,28115519,0,0,,2026-04-05,2026-04-06T06:43:16.980476+00:00,
designcreatic.com,15.0,,,,,3.8,31668715,0,0,,2026-04-05,2026-04-06T06:43:19.634571+00:00,
electricbassmusic.com,1.0,,,,,0.9,54152074,3,0,0.0,2026-04-05,2026-04-06T06:43:23.027258+00:00,
computeridea.net,1.0,,,,,7.0,22215679,0,0,,2026-04-05,2026-04-06T06:43:26.113546+00:00,
dkwiperblade.com,15.0,,,,,0.0,247819705,0,0,,2026-04-05,2026-04-06T06:43:28.656263+00:00,
healthinflames.com,15.0,,,,,5.0,26038696,5,1,0.0,2026-04-05,2026-04-06T06:43:31.277252+00:00,
kitchenstownsville.com,1.0,,,,,0.3,68331717,0,0,,2026-04-05,2026-04-06T06:43:34.668914+00:00,
komibrand.com,15.0,,,,,5.0,26476814,6,0,0.0,2026-04-05,2026-04-06T06:43:38.726351+00:00,
usd1pay.com,15.0,,,,,0.0,,0,0,,2026-04-05,2026-04-06T06:43:42.107358+00:00,
doubledowndivers.com,15.0,,,,,0.0,105932879,0,0,,2026-04-05,2026-04-06T06:43:45.508082+00:00,
bookingtwo.com,15.0,,,,,3.4,33843658,0,0,,2026-04-05,2026-04-06T06:43:48.103380+00:00,
fobet.net,15.0,,,,,0.0,239200280,0,0,,2026-04-05,2026-04-06T06:43:50.761779+00:00,
haryanakaushalrojgarnigam.com,15.0,,,,,23.0,6612134,0,0,,2026-04-05,2026-04-06T06:43:53.453304+00:00,
mybrainboxapp.com,15.0,,,,,12.0,13924537,2,0,0.0,2026-04-05,2026-04-06T06:43:56.993151+00:00,
turbobuicks.net,15.0,,,,,1.1,52489077,0,0,,2026-04-05,2026-04-06T06:43:59.543666+00:00,
legaltrt.com,15.0,,,,,0.0,,0,0,,2026-04-05,2026-04-06T06:44:03.190977+00:00,
winacess.com,15.0,,,,,17.0,9959346,0,0,,2026-04-05,2026-04-06T06:44:06.581022+00:00,
sweetyescorts.com,15.0,,,,,0.0,85215445,0,0,,2026-04-05,2026-04-06T06:44:09.177294+00:00,
ruposhilifestyle.com,15.0,,,,,0.0,142372752,1,6,,2026-04-05,2026-04-06T06:44:12.511416+00:00,
homecleanmasters.com,15.0,,,,,35.0,2493973,0,0,,2026-04-05,2026-04-06T06:44:16.431973+00:00,
masalazedmonton.com,15.0,,,,,0.4,66506744,55,1,0.1,2026-04-05,2026-04-06T06:44:20.022559+00:00,
doebgenglish.com,5.0,,,,,0.0,135149921,1,0,,2026-04-05,2026-04-06T06:44:22.651513+00:00,
artesanosdeoaxaca.com,1.0,,,,,0.0,96792958,4,0,0.01,2026-04-05,2026-04-06T06:44:26.181992+00:00,
brandterm.com,15.0,,,,,0.0,146003445,0,0,,2026-04-05,2026-04-06T06:44:29.622760+00:00,
panphuket.com,15.0,,,,,0.0,95655696,0,0,,2026-04-05,2026-04-06T06:44:32.729855+00:00,
ackleyheritagecenter.com,15.0,,,,,0.2,74426670,0,0,,2026-04-05,2026-04-06T06:44:35.971491+00:00,
edmontoncatcafe.com,15.0,,,,,2.4,39768238,0,0,,2026-04-05,2026-04-06T06:44:38.808418+00:00,
doctormuerte.com,15.0,,,,,6.0,24400701,0,0,,2026-04-05,2026-04-06T06:44:42.160798+00:00,
glp1status.com,15.0,,,,,0.0,,0,0,,2026-04-05,2026-04-06T06:44:44.856728+00:00,
glp1marketplace.com,15.0,,,,,0.0,,0,0,,2026-04-05,2026-04-06T06:44:47.403854+00:00,
nujoomalkhanlandrover.com,15.0,,,,,3.4,33459721,0,0,,2026-04-05,2026-04-06T06:44:50.058957+00:00,
vuviphimmoi.com,15.0,,,,,1.5,47190411,0,0,,2026-04-05,2026-04-06T06:44:52.813106+00:00,
thefoodhound.com,5.0,,,,,0.5,61593033,0,0,,2026-04-05,2026-04-06T06:44:55.359664+00:00,
drcristopherbeas.com,5.0,,,,,0.0,,0,0,,2026-04-05,2026-04-06T06:44:58.792042+00:00,
cricketmela.com,5.0,,,,,0.0,123710266,10,0,0.0,2026-04-05,2026-04-06T06:45:01.521861+00:00,
ihlresearch.org,15.0,,,,,24.0,6598132,0,0,,2026-04-05,2026-04-06T06:45:04.163715+00:00,
missionhealthforward.org,15.0,,,,,8.0,19051558,0,0,,2026-04-05,2026-04-06T06:45:06.748966+00:00,
getpurple.co,1.0,,,,,7.0,21382210,0,0,,2026-04-05,2026-04-06T06:45:09.488927+00:00,
phimvietsub.org,15.0,,,,,3.7,32333159,0,0,,2026-04-05,2026-04-06T06:45:13.067562+00:00,
amanahfoundation.org,15.0,,,,,3.1,35088760,0,0,,2026-04-05,2026-04-06T06:45:15.664006+00:00,
alnoorhalaldelibrooklyn.net,15.0,,,,,0.2,74292792,1,0,0.01,2026-04-05,2026-04-06T06:45:18.537957+00:00,
totbet.net,1.0,,,,,1.0,53486958,0,0,,2026-04-05,2026-04-06T06:45:21.646194+00:00,
redchilisyracuse.net,5.0,,,,,0.0,131123559,0,0,,2026-04-05,2026-04-06T06:45:24.127208+00:00,
f8betwin.co,15.0,,,,,14.0,12308859,0,0,,2026-04-05,2026-04-06T06:45:27.320559+00:00,
asedan.net,15.0,,,,,3.4,33454036,0,0,,2026-04-05,2026-04-06T06:45:31.395369+00:00,
apindoaceh.org,15.0,,,,,1.4,47974182,0,0,,2026-04-05,2026-04-06T06:45:34.127076+00:00,
lidan1.com,15.0,,,,,0.0,,13,8,0.01,2026-04-05,2026-04-06T06:45:37.910454+00:00,
iglesiabellavista.org,15.0,,,,,1.7,45320254,0,0,,2026-04-05,2026-04-06T06:45:41.493882+00:00,
joomlatags.org,15.0,,,,,44.0,1119287,0,0,,2026-04-05,2026-04-06T06:45:44.065317+00:00,
hzxh.com,126.0,,,,,0.0,121897192,0,0,,2026-04-05,2026-04-06T06:45:46.587339+00:00,
siqc.com,130.0,,,,,0.0,231968027,0,0,,2026-04-05,2026-04-06T06:45:49.715054+00:00,
nyxw.com,102.0,,,,,0.0,137784737,0,0,,2026-04-05,2026-04-06T06:45:52.865886+00:00,
prayline.com,100.0,,,,,0.0,138363789,0,0,,2026-04-05,2026-04-06T06:45:56.232277+00:00,
keonhacai79.net,63.0,,,,,17.0,9798675,0,0,,2026-04-05,2026-04-06T06:45:59.464382+00:00,
revived.org,117.0,,,,,0.0,122513313,1,0,0.0,2026-04-05,2026-04-06T06:46:01.985242+00:00,
agencyblast.com,11.0,,,,,0.0,105865511,0,0,,2026-04-05,2026-04-06T06:46:05.207885+00:00,
ujh.net,103.0,,,,,0.0,123235871,0,0,,2026-04-05,2026-04-06T06:46:07.882417+00:00,
mylarcomics.com,160.0,,,,,11.0,15107470,4,67,2.25,2026-04-05,2026-04-06T06:46:10.995505+00:00,
glptracker.com,15.0,,,,,0.1,81567742,0,0,,2026-04-05,2026-04-06T06:46:14.509695+00:00,
geelinc.com,15.0,,,,,0.0,261884452,0,0,,2026-04-05,2026-04-06T06:46:17.761784+00:00,
litetype.com,1.0,,,,,2.7,37390487,0,0,,2026-04-05,2026-04-06T06:46:21.292982+00:00,
fishaholiccharters.com,15.0,,,,,0.1,78337491,0,0,,2026-04-05,2026-04-06T06:46:25.425353+00:00,
adamjstevenson.com,15.0,,,,,0.0,171028323,0,0,,2026-04-05,2026-04-06T06:46:28.215811+00:00,
designersalt.com,15.0,,,,,0.0,341449883,0,0,,2026-04-05,2026-04-06T06:46:31.524424+00:00,
neutroncreations.com,15.0,,,,,25.0,6106250,0,0,,2026-04-05,2026-04-06T06:46:35.155700+00:00,
farmculture.com,15.0,,,,,1.0,53886720,1,0,0.0,2026-04-05,2026-04-06T06:46:37.716109+00:00,
studiotphotos.com,15.0,,,,,0.0,91068543,0,0,,2026-04-05,2026-04-06T06:46:41.337822+00:00,
aleimanroyalhotel.com,1.0,,,,,2.9,36496420,0,0,,2026-04-05,2026-04-06T06:46:45.069368+00:00,
carolinacashoffers.com,15.0,,,,,1.2,50702990,0,0,,2026-04-05,2026-04-06T06:46:49.131574+00:00,
kalamnawaem.com,15.0,,,,,2.2,41190283,0,0,,2026-04-05,2026-04-06T06:46:52.563594+00:00,
namat.net,15.0,,,,,0.0,108324950,0,0,,2026-04-05,2026-04-06T06:46:55.127567+00:00,
eitherand.org,15.0,,,,,16.0,10781878,0,0,,2026-04-05,2026-04-06T06:46:58.217428+00:00,
lvcheesesteaks.com,15.0,,,,,14.0,12415251,0,0,,2026-04-05,2026-04-06T06:47:00.772519+00:00,
writinghaha.com,15.0,,,,,0.0,148649348,0,0,,2026-04-05,2026-04-06T06:47:03.976793+00:00,
cfrobotics.com,15.0,,,,,0.0,137347793,0,0,,2026-04-05,2026-04-06T06:47:07.058258+00:00,
hostapollo.com,15.0,,,,,0.0,130729377,0,0,,2026-04-05,2026-04-06T06:47:09.597884+00:00,
nomostore.com,15.0,,,,,0.0,160880775,0,0,,2026-04-05,2026-04-06T06:47:12.149963+00:00,
okana.org,15.0,,,,,22.0,7278901,0,0,,2026-04-05,2026-04-06T06:47:14.763847+00:00,
apigacor888.com,15.0,,,,,0.0,,0,0,,2026-04-05,2026-04-06T06:47:17.346915+00:00,
xsmb90ngay.com,15.0,,,,,2.2,41045913,1,0,,2026-04-05,2026-04-06T06:47:20.784971+00:00,
clawfrenzy.com,15.0,,,,,16.0,10597543,0,0,,2026-04-05,2026-04-06T06:47:24.949420+00:00,
siberianhuskyklub.com,1.0,,,,,23.0,6750221,0,0,,2026-04-05,2026-04-06T06:47:27.652101+00:00,
bclub.co,15.0,,,,,0.0,84487845,0,0,,2026-04-05,2026-04-06T06:47:30.206975+00:00,
cuerpoenmovimiento.org,15.0,,,,,7.0,21379743,61,31,0.06,2026-04-05,2026-04-06T06:47:33.542122+00:00,
go77.net,15.0,,,,,0.0,271919483,0,0,,2026-04-05,2026-04-06T06:47:37.027774+00:00,
academicwritingtips.org,15.0,,,,,22.0,7205817,0,0,,2026-04-05,2026-04-06T06:47:39.482267+00:00,
apigacor888.org,15.0,,,,,0.0,,0,0,,2026-04-05,2026-04-06T06:47:42.228037+00:00,
puisitoto.net,15.0,,,,,1.3,67404790,0,0,,2026-04-05,2026-04-06T06:47:44.726924+00:00,
mpogacor88.org,15.0,,,,,0.1,80032924,0,0,,2026-04-05,2026-04-06T06:47:47.371815+00:00,
petir388.net,15.0,,,,,0.1,122620610,0,0,,2026-04-05,2026-04-06T06:47:50.402548+00:00,
sqi.org,108.0,,,,,0.0,122225164,0,0,,2026-04-05,2026-04-06T06:47:53.241794+00:00,
mmj.org,57.0,,,,,6.0,25087611,0,0,,2026-04-05,2026-04-06T06:47:55.750302+00:00,
electroniccigarettehub.org,15.0,,,,,0.5,61780632,0,0,,2026-04-05,2026-04-06T06:47:58.522178+00:00,
sustainablefinanceasia.org,15.0,,,,,15.0,10971342,0,0,,2026-04-05,2026-04-06T06:48:01.583719+00:00,
nyqa.com,160.0,,,,,0.0,229353562,0,0,,2026-04-05,2026-04-06T06:48:04.511697+00:00,
nyzk.com,165.0,,,,,0.0,133850212,0,0,,2026-04-05,2026-04-06T06:48:06.956676+00:00,
novafree.com,30.0,,,,,0.0,176236378,0,0,,2026-04-05,2026-04-06T06:48:09.799288+00:00,
brainiful.com,220.0,,,,,0.0,245128547,0,0,,2026-04-05,2026-04-06T06:48:12.246026+00:00,
webaware.com,116.0,,,,,2.5,39252658,1,0,,2026-04-05,2026-04-06T06:48:14.988676+00:00,
alldrives.com,26.0,,,,,0.0,87237543,0,0,,2026-04-05,2026-04-06T06:48:18.341607+00:00,
hongcoin.com,21.0,,,,,0.0,128556234,0,0,,2026-04-05,2026-04-06T06:48:21.002652+00:00,
hostspicy.com,165.0,,,,,2.5,39018981,0,0,,2026-04-05,2026-04-06T06:48:26.861127+00:00,
nymj.com,171.0,,,,,0.0,235309281,0,0,,2026-04-05,2026-04-06T06:48:29.339393+00:00,
adobeclasses.com,21.0,,,,,0.0,229532270,0,0,,2026-04-05,2026-04-06T06:48:31.813253+00:00,
chubbyparade.com,125.0,,,,,21.0,7421926,0,0,,2026-04-05,2026-04-06T06:48:34.435754+00:00,
socialgamesclub.com,3.0,,,,,0.0,132499309,0,0,,2026-04-05,2026-04-06T06:48:37.418328+00:00,
pcacademia.com,103.0,,,,,2.8,37132834,322,5,0.13,2026-04-05,2026-04-06T06:48:40.076184+00:00,
sgnic.net,15.0,,,,,0.0,130447654,0,0,,2026-04-05,2026-04-06T06:48:42.569426+00:00,
ntayart.com,15.0,,,,,0.0,,0,0,,2026-04-05,2026-04-06T06:48:45.108643+00:00,
pharmcheap.com,16.0,,,,,25.0,5838666,0,0,,2026-04-05,2026-04-06T06:48:47.835694+00:00,
slovaktv.com,15.0,,,,,0.0,134454088,0,0,,2026-04-05,2026-04-06T06:48:50.826261+00:00,
ibsportal.com,1.0,,,,,0.0,136270010,0,0,,2026-04-05,2026-04-06T06:48:53.452000+00:00,
ozebytes.com,1.0,,,,,0.0,239385775,0,0,,2026-04-05,2026-04-06T06:48:55.911442+00:00,
alemanadas.com,15.0,,,,,37.0,1999662,0,0,,2026-04-05,2026-04-06T06:48:59.084476+00:00,
dodgydock.com,15.0,,,,,6.0,25413262,0,0,,2026-04-05,2026-04-06T06:49:01.725190+00:00,
grabevent.com,1.0,,,,,0.0,225473569,0,0,,2026-04-05,2026-04-06T06:49:04.278959+00:00,
photoartletters.com,1.0,,,,,0.0,224196025,0,0,,2026-04-05,2026-04-06T06:49:06.951865+00:00,
perfectxpic.com,15.0,,,,,0.0,122239128,0,0,,2026-04-05,2026-04-06T06:49:09.637535+00:00,
crmcourses.com,15.0,,,,,0.2,73780220,0,0,,2026-04-05,2026-04-06T06:49:12.146473+00:00,
localima.org,15.0,,,,,10.0,16817208,0,0,,2026-04-05,2026-04-06T06:49:16.872416+00:00,
modhaha.com,15.0,,,,,11.0,14665800,60,41,1.73,2026-04-05,2026-04-06T06:49:19.873116+00:00,
wisaaam.com,15.0,,,,,22.0,7366268,5,5,1.03,2026-04-05,2026-04-06T06:49:22.979965+00:00,
truebelieverthemovie.com,15.0,,,,,0.9,55298921,0,0,,2026-04-05,2026-04-06T06:49:26.088616+00:00,
studiolube.com,15.0,,,,,0.0,106789203,0,0,,2026-04-05,2026-04-06T06:49:29.276981+00:00,
propfirmtradecopier.com,15.0,,,,,0.0,219565204,0,0,,2026-04-05,2026-04-06T06:49:32.211639+00:00,
recoupdigitalassets.com,1.0,,,,,0.0,324988464,0,0,,2026-04-05,2026-04-06T06:49:35.760342+00:00,
celebritiesnetworthnews.com,15.0,,,,,1.1,52323274,1,9,,2026-04-05,2026-04-06T06:49:38.557382+00:00,
loonairflavors.com,15.0,,,,,3.8,31777886,0,0,,2026-04-05,2026-04-06T06:49:41.069800+00:00,
soicau247mienphi.com,15.0,,,,,0.0,268299097,0,0,,2026-04-05,2026-04-06T06:49:44.635114+00:00,
soicau247chinhxac.com,15.0,,,,,0.0,268375973,0,0,,2026-04-05,2026-04-06T06:49:47.431349+00:00,
rentyourdigs.com,15.0,,,,,0.0,,0,0,,2026-04-05,2026-04-06T06:49:50.989662+00:00,
icilder.org,15.0,,,,,8.0,19607916,0,0,,2026-04-05,2026-04-06T06:49:54.133010+00:00,
briannascafe.net,15.0,,,,,0.3,67755624,9,18,0.07,2026-04-05,2026-04-06T06:49:57.322241+00:00,
club2market.com,15.0,,,,,1.7,45038672,0,0,,2026-04-05,2026-04-06T06:49:59.814296+00:00,
soicau247mienphi.net,15.0,,,,,0.0,241617974,0,0,,2026-04-05,2026-04-06T06:50:02.335725+00:00,
soicau247chinhxac.net,15.0,,,,,0.0,242114994,0,0,,2026-04-05,2026-04-06T06:50:04.944035+00:00,
slaverystories.org,15.0,,,,,6.0,25070191,0,0,,2026-04-05,2026-04-06T06:50:08.051899+00:00,
regionvsoccer.org,15.0,,,,,4.8,27559876,0,0,,2026-04-05,2026-04-06T06:50:10.610269+00:00,
talert.com,161.0,,,,,0.0,143773790,0,0,,2026-04-05,2026-04-06T06:50:13.378500+00:00,
foqq.com,240.59,,,,,0.0,231810457,0,0,,2026-04-05,2026-04-06T06:50:17.239366+00:00,
xdrb.com,255.0,,,,,0.0,131930445,0,0,,2026-04-05,2026-04-06T06:50:20.712946+00:00,
cashbackdeals.com,180.0,,,,,0.4,65368797,0,0,,2026-04-05,2026-04-06T06:50:23.249048+00:00,
gentry.co,155.0,,,,,0.0,318143894,0,0,,2026-04-05,2026-04-06T06:50:26.055401+00:00,
olivertrip.com,230.0,,,,,13.0,12733180,0,0,,2026-04-05,2026-04-06T06:50:28.547933+00:00,
braziltour.com,51.0,,,,,45.0,993909,0,0,,2026-04-05,2026-04-06T06:50:32.070227+00:00,
softcos.com,20.0,,,,,0.0,88621654,0,0,,2026-04-05,2026-04-06T06:50:34.604921+00:00,
cordobabuenasnoticias.com,41.0,,,,,31.0,3404741,0,0,,2026-04-05,2026-04-06T06:50:37.233715+00:00,
llmdrop.com,5.0,,,,,0.0,101018098,0,0,,2026-04-05,2026-04-06T06:50:39.812287+00:00,
photosnyc.com,3.0,,,,,0.0,102125549,0,0,,2026-04-05,2026-04-06T06:50:42.924618+00:00,
ggim.com,32.0,,,,,0.0,92596841,0,0,,2026-04-05,2026-04-06T06:50:46.583017+00:00,
optka.com,15.0,,,,,0.4,66342925,0,0,,2026-04-05,2026-04-06T06:50:49.624089+00:00,
allkaps.com,15.0,,,,,0.0,142689975,0,0,,2026-04-05,2026-04-06T06:50:52.188890+00:00,
highmemory.com,15.0,,,,,0.0,124248572,0,0,,2026-04-05,2026-04-06T06:50:54.729392+00:00,
hoddler.com,15.0,,,,,0.0,129081784,0,0,,2026-04-05,2026-04-06T06:50:57.820206+00:00,
ulr.co,15.0,,,,,0.0,120126720,0,0,,2026-04-05,2026-04-06T06:51:01.431571+00:00,
hoses.net,15.0,,,,,0.0,131451500,0,0,,2026-04-05,2026-04-06T06:51:04.597355+00:00,
apexcollection.com,15.0,,,,,0.0,227180596,0,0,,2026-04-05,2026-04-06T06:51:07.037629+00:00,
geolify.com,15.0,,,,,24.0,6297076,0,0,,2026-04-05,2026-04-06T06:51:09.502470+00:00,
sedition.org,15.0,,,,,0.0,129751747,0,0,,2026-04-05,2026-04-06T06:51:12.094138+00:00,
hxortech.com,15.0,,,,,1.7,45626645,0,0,,2026-04-05,2026-04-06T06:51:15.187325+00:00,
tilecapital.com,15.0,,,,,0.0,161792776,0,0,,2026-04-05,2026-04-06T06:51:19.244595+00:00,
burlingtondeckbuilders.com,15.0,,,,,0.0,407401785,0,0,,2026-04-05,2026-04-06T06:51:22.412595+00:00,
dubaisuperyachts.com,15.0,,,,,0.0,129529017,0,0,,2026-04-05,2026-04-06T06:51:24.956420+00:00,
leadlearnleap.com,15.0,,,,,40.0,1440578,0,0,,2026-04-05,2026-04-06T06:51:27.990669+00:00,
eonsitesolutions.com,15.0,,,,,38.0,1729056,0,0,,2026-04-05,2026-04-06T06:51:30.484290+00:00,
turbomcp.com,15.0,,,,,0.0,,0,0,,2026-04-05,2026-04-06T06:51:32.959252+00:00,
alphamcp.com,15.0,,,,,0.0,,0,0,,2026-04-05,2026-04-06T06:51:36.399361+00:00,
mcpaccess.com,15.0,,,,,0.0,,0,0,,2026-04-05,2026-04-06T06:51:39.523925+00:00,
restaurantsedh.com,15.0,,,,,0.2,71974675,0,0,,2026-04-05,2026-04-06T06:51:42.039590+00:00,
promptgamers.com,15.0,,,,,0.0,160519268,0,0,,2026-04-05,2026-04-06T06:51:44.699635+00:00,
grog.org,227.0,,,,,32.0,3132150,0,0,,2026-04-05,2026-04-06T06:51:48.260223+00:00,
seif.org,205.0,,,,,36.0,2120118,1,0,,2026-04-05,2026-04-06T06:51:50.861316+00:00,
sydneyfilmfestival.org,15.0,,,,,26.0,5742791,0,0,,2026-04-05,2026-04-06T06:51:53.562859+00:00,
furryfelines.org,15.0,,,,,2.9,36314605,0,0,,2026-04-05,2026-04-06T06:51:56.752319+00:00,
czly.com,156.0,,,,,0.0,107177806,0,0,,2026-04-05,2026-04-06T06:51:59.997098+00:00,
xkum.com,88.0,,,,,1.1,51862076,0,0,,2026-04-05,2026-04-06T06:52:03.181072+00:00,
gemforge.com,11.0,,,,,0.2,71540740,0,0,,2026-04-05,2026-04-06T06:52:05.659413+00:00,
mypt3.co,155.0,,,,,44.0,1051145,601,804,15.74,2026-04-05,2026-04-06T06:52:08.225337+00:00,
biggeek.com,238.0,,,,,0.0,111979175,0,0,,2026-04-05,2026-04-06T06:52:11.379462+00:00,
designanddevelopmentagency.com,93.0,,,,,27.0,5101093,0,0,,2026-04-05,2026-04-06T06:52:14.271982+00:00,
getbacktothetable.com,51.0,,,,,33.0,2916941,0,0,,2026-04-05,2026-04-06T06:52:16.703605+00:00,
autoprotection.com,26.0,,,,,0.5,61654997,0,0,,2026-04-05,2026-04-06T06:52:19.624602+00:00,
wwwblackdating.com,15.0,,,,,0.0,245385690,0,0,,2026-04-05,2026-04-06T06:52:23.194557+00:00,
sfnps.org,2.0,,,,,32.0,3098344,0,0,,2026-04-05,2026-04-06T06:52:27.398318+00:00,
etuicoquesamsung.com,2.0,,,,,29.0,4162221,0,0,,2026-04-05,2026-04-06T06:52:30.606697+00:00,
larealestategirl.com,15.0,,,,,0.0,372161413,0,0,,2026-04-05,2026-04-06T06:52:33.768704+00:00,
ameriza.com,1.0,,,,,0.0,225806035,0,0,,2026-04-05,2026-04-06T06:52:37.074296+00:00,
alaskanow.com,15.0,,,,,0.1,79921426,0,0,,2026-04-05,2026-04-06T06:52:40.369658+00:00,
photoillustration.com,1.0,,,,,0.0,105124890,0,0,,2026-04-05,2026-04-06T06:52:43.962594+00:00,
paulcraven.com,15.0,,,,,1.0,52569889,0,0,,2026-04-05,2026-04-06T06:52:46.587619+00:00,
cardroid.com,15.0,,,,,1.0,53607150,0,0,,2026-04-05,2026-04-06T06:52:49.696088+00:00,
rentalfilms.com,1.0,,,,,0.0,253978133,0,0,,2026-04-05,2026-04-06T06:52:52.356093+00:00,
thecayes.com,15.0,,,,,0.0,126522630,0,0,,2026-04-05,2026-04-06T06:52:54.888168+00:00,
greenwide.com,15.0,,,,,0.0,261682352,0,0,,2026-04-05,2026-04-06T06:52:57.416370+00:00,
stillbillthemovie.com,15.0,,,,,12.0,13579921,0,0,,2026-04-05,2026-04-06T06:53:00.110890+00:00,
beyondthetechrevolution.com,1.0,,,,,28.0,4706041,0,0,,2026-04-05,2026-04-06T06:53:03.834989+00:00,
ttbizonline.com,15.0,,,,,34.0,2559047,0,0,,2026-04-05,2026-04-06T06:53:06.918119+00:00,
sicaksohbet.com,15.0,,,,,0.0,279374527,0,0,,2026-04-05,2026-04-06T06:53:10.787772+00:00,
kingzeus88bet.com,15.0,,,,,8.0,20130329,0,0,,2026-04-05,2026-04-06T06:53:13.321193+00:00,
seotrainingvadodara.com,15.0,,,,,2.9,36537686,0,0,,2026-04-05,2026-04-06T06:53:16.048577+00:00,
massageshub.com,15.0,,,,,0.0,216702720,0,0,,2026-04-05,2026-04-06T06:53:19.390936+00:00,
sleepyroom.com,15.0,,,,,0.0,135349243,0,0,,2026-04-05,2026-04-06T06:53:22.843478+00:00,
cubicware.net,15.0,,,,,35.0,2401631,0,0,,2026-04-05,2026-04-06T06:53:25.390406+00:00,
bihartbass.org,15.0,,,,,1.2,50323510,0,0,,2026-04-05,2026-04-06T06:53:28.459701+00:00,
chassis.org,15.0,,,,,0.0,226304556,0,0,,2026-04-05,2026-04-06T06:53:32.120489+00:00,
lacompta.org,15.0,,,,,7.0,21988466,0,0,,2026-04-05,2026-04-06T06:53:34.707733+00:00,
scholartools.org,15.0,,,,,17.0,9970604,0,0,,2026-04-05,2026-04-06T06:53:38.568401+00:00,
saseasystem.org,15.0,,,,,3.1,35143462,1,3,,2026-04-05,2026-04-06T06:53:41.960536+00:00,
valuingelectronicmusic.org,15.0,,,,,4.9,27348697,0,0,,2026-04-05,2026-04-06T06:53:45.377699+00:00,
gsly.com,205.0,,,,,0.0,267142163,0,0,,2026-04-05,2026-04-06T06:53:47.945475+00:00,
patchpets.com,34.0,,,,,8.0,19900271,0,0,,2026-04-05,2026-04-06T06:53:50.577038+00:00,
distilly.com,160.0,,,,,0.0,256911564,0,0,,2026-04-05,2026-04-06T06:53:53.238088+00:00,
pqk.net,100.0,,,,,0.0,88352406,0,0,,2026-04-05,2026-04-06T06:53:56.593436+00:00,
kirksvilletoday.com,26.0,,,,,7.0,21981864,0,0,,2026-04-05,2026-04-06T06:54:00.116536+00:00,
mobiletracker.net,16.0,,,,,27.0,4782291,2,2,0.0,2026-04-05,2026-04-06T06:54:02.796359+00:00,
nqvs.com,15.0,,,,,0.0,122989996,0,0,,2026-04-05,2026-04-06T06:54:06.273585+00:00,
kristiansand.com,15.0,,,,,1.1,51902086,0,0,,2026-04-05,2026-04-06T06:54:08.882152+00:00,
elitiko.com,15.0,,,,,26.0,5507947,0,0,,2026-04-05,2026-04-06T06:54:11.693163+00:00,
brotherhoods.com,15.0,,,,,0.0,105333574,0,0,,2026-04-05,2026-04-06T06:54:14.790039+00:00,
festivaisverao.com,15.0,,,,,25.0,6240870,0,0,,2026-04-05,2026-04-06T06:54:17.454340+00:00,
directcopy.com,1.0,,,,,0.0,101138207,0,0,,2026-04-05,2026-04-06T06:54:20.841298+00:00,
kemahedgewaterhotel.com,15.0,,,,,2.3,40695806,0,0,,2026-04-05,2026-04-06T06:54:24.615655+00:00,
golfexperttips.com,15.0,,,,,65.0,180848,21,8,6.12,2026-04-05,2026-04-06T06:54:27.701667+00:00,
elliottebele.com,1.0,,,,,13.0,12463548,23,73,47.81,2026-04-05,2026-04-06T06:54:30.556615+00:00,
johnsoncityaerialphotography.com,15.0,,,,,10.0,16618288,1,4,1.75,2026-04-05,2026-04-06T06:54:33.965688+00:00,
feelingbrandnew.com,1.0,,,,,0.0,205437349,0,0,,2026-04-05,2026-04-06T06:54:36.557750+00:00,
fleurmcp.com,15.0,,,,,31.0,3426121,0,0,,2026-04-05,2026-04-06T06:54:40.316230+00:00,
primalhealthlab.com,15.0,,,,,0.5,62501673,10,9,10.08,2026-04-05,2026-04-06T06:54:43.679495+00:00,
citystorehouse.com,15.0,,,,,0.0,205362690,0,0,,2026-04-05,2026-04-06T06:54:46.333825+00:00,
impressionautosalon.com,1.0,,,,,5.0,26589095,0,0,,2026-04-05,2026-04-06T06:54:50.432821+00:00,
tedecoindustrial.com,1.0,,,,,36.0,2279695,0,0,,2026-04-05,2026-04-06T06:54:53.124957+00:00,
thescuderia46.com,15.0,,,,,2.2,41380340,0,0,,2026-04-05,2026-04-06T06:54:56.670941+00:00,
2499hdonline.com,15.0,,,,,0.7,58178832,14,0,0.0,2026-04-05,2026-04-06T06:54:59.131763+00:00,
allshop.org,15.0,,,,,0.0,152382392,0,0,,2026-04-05,2026-04-06T06:55:01.746616+00:00,
mitrecyberacademy.org,15.0,,,,,40.0,1495311,0,0,,2026-04-05,2026-04-06T06:55:04.402853+00:00,
digitalpublisher.org,15.0,,,,,10.0,16263567,0,0,,2026-04-05,2026-04-06T06:55:07.564891+00:00,
streamist.com,500.0,,,,,0.0,124919370,0,0,,2026-04-05,2026-04-06T06:55:10.302981+00:00,
openclouds.com,205.0,,,,,0.0,83445105,0,0,,2026-04-05,2026-04-06T06:55:12.886810+00:00,
bonbonspassf.com,18.0,,,,,0.6,60861532,5,7,0.01,2026-04-05,2026-04-06T06:55:16.857508+00:00,
pedropascal.org,18.0,,,,,6.0,25299371,17,2,0.02,2026-04-05,2026-04-06T06:55:19.891217+00:00,
dahmw.org,2.0,,,,,24.0,6379784,0,0,,2026-04-05,2026-04-06T06:55:23.029746+00:00,
advueu.com,15.0,,,,,1.8,44915345,0,0,,2026-04-05,2026-04-06T06:55:25.696407+00:00,
biglukes.com,15.0,,,,,0.2,74362247,0,0,,2026-04-05,2026-04-06T06:55:29.620205+00:00,
corvella.com,15.0,,,,,0.0,130337092,0,0,,2026-04-05,2026-04-06T06:55:32.344242+00:00,
fundacioneuskadi.com,15.0,,,,,25.0,6068379,0,0,,2026-04-05,2026-04-06T06:55:35.649995+00:00,
yellowparrotstudio.com,15.0,,,,,26.0,5738519,0,0,,2026-04-05,2026-04-06T06:55:38.370875+00:00,
kuspe.com,15.0,,,,,0.0,108267819,0,0,,2026-04-05,2026-04-06T06:55:40.977517+00:00,
chinky.com,15.0,,,,,21.0,7487006,0,0,,2026-04-05,2026-04-06T06:55:44.612739+00:00,
durhamyoga.com,15.0,,,,,3.5,33338202,0,0,,2026-04-05,2026-04-06T06:55:48.340802+00:00,
incredibleforum.com,15.0,,,,,27.0,4958954,0,0,,2026-04-05,2026-04-06T06:55:50.968596+00:00,
checkwors.com,1.0,,,,,0.0,225919115,0,0,,2026-04-05,2026-04-06T06:55:53.643646+00:00,
rokngoha.com,15.0,,,,,1.7,45803759,0,0,,2026-04-05,2026-04-06T06:56:07.596428+00:00,
neutronai.com,15.0,,,,,0.0,138604223,0,0,,2026-04-05,2026-04-06T06:56:20.641007+00:00,
deliverytodoor.com,1.0,,,,,0.0,364885650,0,0,,2026-04-05,2026-04-06T06:56:23.726605+00:00,
ivetteivens.com,15.0,,,,,26.0,5364991,0,0,,2026-04-05,2026-04-06T06:56:27.422594+00:00,
sandiegoworkerscomplaw.com,15.0,,,,,17.0,10098804,0,0,,2026-04-05,2026-04-06T06:56:30.027346+00:00,
demzyportal.com,15.0,,,,,2.4,39783882,0,0,,2026-04-05,2026-04-06T06:56:33.410980+00:00,
iptvpremiumelite.com,15.0,,,,,41.0,1399991,3,3,0.9,2026-04-05,2026-04-06T06:56:36.927143+00:00,
financetechnews.net,15.0,,,,,15.0,11473972,0,0,,2026-04-05,2026-04-06T06:56:40.295130+00:00,
flexchampion.com,15.0,,,,,0.0,91519580,0,0,,2026-04-05,2026-04-06T06:56:43.144987+00:00,
republicanshirt.com,15.0,,,,,0.0,,0,0,,2026-04-05,2026-04-06T06:56:46.723445+00:00,
dubaiindependentescorts.com,15.0,,,,,1.7,45436867,0,0,,2026-04-05,2026-04-06T06:56:51.142464+00:00,
naturevalleynyc.com,15.0,,,,,0.1,82767831,4,36,19.16,2026-04-05,2026-04-06T06:56:53.681253+00:00,
plantmoneyapp.com,15.0,,,,,0.0,121783465,0,0,,2026-04-05,2026-04-06T06:56:56.234199+00:00,
drainsplusnc.com,15.0,,,,,30.0,3920561,0,0,,2026-04-05,2026-04-06T06:56:59.104829+00:00,
warpsignal.com,15.0,,,,,0.0,,0,0,,2026-04-05,2026-04-06T06:57:02.563736+00:00,
ugrrf.org,15.0,,,,,23.0,6712263,0,0,,2026-04-05,2026-04-06T06:57:05.085290+00:00,
muntrasiam.org,15.0,,,,,0.0,154823843,0,0,,2026-04-05,2026-04-06T06:57:08.162128+00:00,
idabwellsmemphis.org,15.0,,,,,12.0,13597363,0,0,,2026-04-05,2026-04-06T06:57:11.646308+00:00,
cpchardware.com,31.0,,,,,50.0,656929,0,0,,2026-04-05,2026-04-06T06:57:15.026299+00:00,
basecontrol.com,21.0,,,,,0.0,131762869,0,0,,2026-04-05,2026-04-06T06:57:18.340873+00:00,
feralchildren.com,26.0,,,,,28.0,4518381,0,0,,2026-04-05,2026-04-06T06:57:21.007432+00:00,
therecipeplug.com,18.0,,,,,0.0,,26,62,90.48,2026-04-05,2026-04-06T06:57:23.943838+00:00,
casinoport.com,16.0,,,,,15.0,15355476,0,0,,2026-04-05,2026-04-06T06:57:26.569334+00:00,
hirelawyer.com,16.0,,,,,0.0,133079910,0,0,,2026-04-05,2026-04-06T06:57:29.139005+00:00,
mattsmarketingblog.com,16.0,,,,,28.0,4410183,0,0,,2026-04-05,2026-04-06T06:57:32.351899+00:00,
seacliffrecovery.com,1.0,,,,,3.1,35310631,0,0,,2026-04-05,2026-04-06T06:57:35.000879+00:00,
anythingspace.com,15.0,,,,,0.0,125323074,0,0,,2026-04-05,2026-04-06T06:57:37.637615+00:00,
guadaloop.com,15.0,,,,,17.0,9962695,0,0,,2026-04-05,2026-04-06T06:57:40.290852+00:00,
nunzios.net,15.0,,,,,10.0,15889171,0,0,,2026-04-05,2026-04-06T06:57:42.854180+00:00,
keamedicals.com,15.0,,,,,33.0,2892508,0,0,,2026-04-05,2026-04-06T06:57:45.480856+00:00,
repessa.com,15.0,,,,,1.1,52514380,0,0,,2026-04-05,2026-04-06T06:57:48.814205+00:00,
getactivechallenges.com,15.0,,,,,25.0,6062852,0,0,,2026-04-05,2026-04-06T06:57:51.603023+00:00,
bangsarsouthproperties.com,15.0,,,,,4.2,30113224,0,0,,2026-04-05,2026-04-06T06:57:55.056883+00:00,
flippinawesome.org,15.0,,,,,42.0,1225151,0,0,,2026-04-05,2026-04-06T06:57:58.900131+00:00,
sonicmenuin.com,15.0,,,,,13.0,12703921,9,0,0.0,2026-04-05,2026-04-06T06:58:02.287840+00:00,
vibekoder.com,15.0,,,,,0.0,,0,0,,2026-04-05,2026-04-06T06:58:05.125562+00:00,
playcasigam.com,15.0,,,,,48.0,798481,0,0,,2026-04-05,2026-04-06T06:58:08.016285+00:00,
mrsbrandables.com,1.0,,,,,0.0,,0,0,,2026-04-05,2026-04-06T06:58:10.556608+00:00,
mutinyradio.org,15.0,,,,,24.0,6409733,0,0,,2026-04-05,2026-04-06T06:58:13.260916+00:00,
supercontinents.org,15.0,,,,,23.0,6727490,0,0,,2026-04-05,2026-04-06T06:58:16.638354+00:00,
paasfinder.org,15.0,,,,,7.0,20943487,3,7,17.27,2026-04-05,2026-04-06T06:58:19.228264+00:00,
bellsferrycivic.org,15.0,,,,,1.8,44508614,0,0,,2026-04-05,2026-04-06T06:58:21.851684+00:00,
gerbasiristorante.org,15.0,,,,,3.1,35504499,0,0,,2026-04-05,2026-04-06T06:58:25.576527+00:00,
gamerkid.com,305.0,,,,,0.0,134405925,0,0,,2026-04-05,2026-04-06T06:58:28.952102+00:00,
accentonline.com,22.0,,,,,19.0,8727182,0,0,,2026-04-05,2026-04-06T06:58:31.561394+00:00,
indastireshop.com,355.0,,,,,0.1,82577424,6,26,15.46,2026-04-05,2026-04-06T06:58:34.142580+00:00,
ppcinsight.com,3.65,,,,,0.0,132915370,0,0,,2026-04-05,2026-04-06T06:58:36.699101+00:00,
aquavitro.org,53.0,,,,,14.0,11904313,0,0,,2026-04-05,2026-04-06T06:58:41.212286+00:00,
remoteskills.com,21.0,,,,,0.0,137878297,0,0,,2026-04-05,2026-04-06T06:58:43.835673+00:00,
metropagina.com,16.0,,,,,52.0,571706,0,0,,2026-04-05,2026-04-06T06:58:46.888288+00:00,
ays.net,15.0,,,,,3.7,32332614,1,0,0.0,2026-04-05,2026-04-06T06:58:51.388001+00:00,
centralschool.com,15.0,,,,,0.0,88688690,0,0,,2026-04-05,2026-04-06T06:58:56.696459+00:00,
techcodex.com,15.0,,,,,27.0,4964938,0,0,,2026-04-05,2026-04-06T06:59:07.358323+00:00,
primevpn.com,15.0,,,,,0.0,144865708,0,0,,2026-04-05,2026-04-06T06:59:10.310279+00:00,
chessquotes.com,1.0,,,,,7.0,21981806,0,0,,2026-04-05,2026-04-06T06:59:13.508210+00:00,
holohumans.com,1.0,,,,,0.0,229626679,0,0,,2026-04-05,2026-04-06T06:59:34.807292+00:00,
wprichsnippets.com,15.0,,,,,43.0,1155431,0,0,,2026-04-05,2026-04-06T06:59:37.304176+00:00,
johnnypassion.com,15.0,,,,,3.3,33917331,0,0,,2026-04-05,2026-04-06T06:59:40.027413+00:00,
wolfpacpa.com,15.0,,,,,0.0,98952155,0,0,,2026-04-05,2026-04-06T06:59:43.503489+00:00,
giaophanvinh.net,15.0,,,,,19.0,8612453,1,0,,2026-04-05,2026-04-06T06:59:46.220326+00:00,
moviesmobile.net,15.0,,,,,17.0,9830451,0,0,,2026-04-05,2026-04-06T06:59:49.835721+00:00,
allegedthemovie.com,15.0,,,,,3.2,35002407,0,0,,2026-04-05,2026-04-06T06:59:53.291823+00:00,
nepalitraveller.com,15.0,,,,,27.0,5072301,11,8,0.0,2026-04-05,2026-04-06T06:59:56.033051+00:00,
learnasone.org,15.0,,,,,15.0,11234677,0,0,,2026-04-05,2026-04-06T06:59:58.696684+00:00,
traveldeals.net,15.0,,,,,0.0,132548374,0,0,,2026-04-05,2026-04-06T07:00:02.283036+00:00,
kompromat1.org,15.0,,,,,4.0,31040647,0,0,,2026-04-05,2026-04-06T07:00:05.195408+00:00,
gardenpay.com,235.0,,,,,0.0,358073839,0,0,,2026-04-05,2026-04-06T07:00:07.650376+00:00,
eatee.com,34.28,,,,,0.0,252373229,0,0,,2026-04-05,2026-04-06T07:00:10.731768+00:00,
bigmarket.org,4.0,,,,,0.0,254688977,1,0,0.0,2026-04-05,2026-04-06T07:00:14.674834+00:00,
robertlesite.net,106.0,,,,,3.1,35310652,0,0,,2026-04-05,2026-04-06T07:00:17.768324+00:00,
gloryer.com,3.0,,,,,0.0,98896149,0,0,,2026-04-05,2026-04-06T07:00:21.362923+00:00,
workreminder.com,15.0,,,,,0.0,226243146,0,0,,2026-04-05,2026-04-06T07:00:24.164609+00:00,
golfinsiderhq.com,16.0,,,,,27.0,5244412,78,6,1.89,2026-04-05,2026-04-06T07:00:26.771301+00:00,
pvh.net,15.0,,,,,0.0,122467572,0,0,,2026-04-05,2026-04-06T07:00:30.346507+00:00,
prozac.net,15.0,,,,,0.0,131912501,0,0,,2026-04-05,2026-04-06T07:00:33.399624+00:00,
chargecheck.com,15.0,,,,,0.1,76189214,0,0,,2026-04-05,2026-04-06T07:00:36.274305+00:00,
totalherbal.com,15.0,,,,,0.0,163765674,0,0,,2026-04-05,2026-04-06T07:00:38.976877+00:00,
equilibriumx.com,15.0,,,,,8.0,19659068,0,0,,2026-04-05,2026-04-06T07:00:42.265644+00:00,
tutorialdocs.com,15.0,,,,,32.0,3215519,0,0,,2026-04-05,2026-04-06T07:00:45.445945+00:00,
rewritebook.com,15.0,,,,,13.0,12694085,0,0,,2026-04-05,2026-04-06T07:00:48.618871+00:00,
kdewebdev.org,15.0,,,,,50.0,682150,0,0,,2026-04-05,2026-04-06T07:00:51.095360+00:00,
westernstatesgenetics.org,15.0,,,,,40.0,1505138,0,0,,2026-04-05,2026-04-06T07:00:54.533454+00:00,
clench.org,15.0,,,,,0.0,131827225,0,0,,2026-04-05,2026-04-06T07:00:57.172268+00:00,
osnovaparty.org,15.0,,,,,3.3,34012140,0,0,,2026-04-05,2026-04-06T07:01:00.779733+00:00,
elsewherebrewing.com,57.0,,,,,28.0,4583361,13,48,7.67,2026-04-05,2026-04-06T07:01:04.380605+00:00,
hyd.net,57.0,,,,,0.0,89402928,0,0,,2026-04-05,2026-04-06T07:01:07.267869+00:00,
jeom.com,32.0,,,,,0.0,148601303,0,0,,2026-04-05,2026-04-06T07:01:10.933480+00:00,
buppay.com,4.0,,,,,0.0,,0,0,,2026-04-05,2026-04-06T07:01:15.475542+00:00,
gbwaps.com,15.0,,,,,0.6,59412013,0,0,,2026-04-05,2026-04-06T07:01:20.207919+00:00,
intersales.com,15.0,,,,,0.0,158607436,0,0,,2026-04-05,2026-04-06T07:01:24.749412+00:00,
fernlabs.com,15.0,,,,,0.0,255124346,0,0,,2026-04-05,2026-04-06T07:01:29.810537+00:00,
scatterplot.com,15.0,,,,,0.0,168451481,0,0,,2026-04-05,2026-04-06T07:01:33.714922+00:00,
wearablemarketing.com,1.0,,,,,0.0,125343954,0,0,,2026-04-05,2026-04-06T07:01:37.389414+00:00,
greenwaygroup.com,1.0,,,,,0.0,112042330,0,0,,2026-04-05,2026-04-06T07:01:40.372996+00:00,
tnmouse.org,15.0,,,,,6.0,25312387,0,0,,2026-04-05,2026-04-06T07:01:42.829965+00:00,
agentorbit.com,15.0,,,,,0.0,268240317,0,0,,2026-04-05,2026-04-06T07:01:45.949410+00:00,
mudet.com,15.0,,,,,6.0,25091971,0,0,,2026-04-05,2026-04-06T07:01:48.439033+00:00,
creatorscontest.com,1.0,,,,,0.0,100561915,0,0,,2026-04-05,2026-04-06T07:01:52.389024+00:00,
sewardcafempls.net,15.0,,,,,0.9,54223795,0,0,,2026-04-05,2026-04-06T07:01:54.925597+00:00,
fastmovies.org,1.0,,,,,18.0,8853186,0,0,,2026-04-05,2026-04-06T07:01:57.918618+00:00,
strongholdfreedomfoundation.org,15.0,,,,,26.0,5374002,6,0,0.03,2026-04-05,2026-04-06T07:02:00.603173+00:00,
saspay.com,23.0,,,,,0.0,100469152,0,0,,2026-04-05,2026-04-06T07:02:03.289018+00:00,
adota.com,31.0,,,,,0.0,272175354,0,0,,2026-04-05,2026-04-06T07:02:06.650670+00:00,
qicv.com,11.0,,,,,1.5,47019971,0,0,,2026-04-05,2026-04-06T07:02:09.390925+00:00,
9xm.com,16.0,,,,,0.0,101925229,0,0,,2026-04-05,2026-04-06T07:02:12.965968+00:00,
ucxl.com,15.0,,,,,0.0,114531114,0,0,,2026-04-05,2026-04-06T07:02:17.052653+00:00,
mouti.com,15.0,,,,,0.0,143948661,0,0,,2026-04-05,2026-04-06T07:02:20.538377+00:00,
wildmove.com,15.0,,,,,0.0,386928947,0,0,,2026-04-05,2026-04-06T07:02:23.196883+00:00,
alanin.com,15.0,,,,,0.0,122621396,0,0,,2026-04-05,2026-04-06T07:02:26.606830+00:00,
momentumagency.com,15.0,,,,,0.0,156215809,0,0,,2026-04-05,2026-04-06T07:02:29.985043+00:00,
royalwall.com,15.0,,,,,0.0,252181608,0,0,,2026-04-05,2026-04-06T07:02:32.555904+00:00,
clearfleet.com,15.0,,,,,0.0,330683993,0,0,,2026-04-05,2026-04-06T07:02:35.969755+00:00,
nearnode.com,1.0,,,,,0.0,292511892,0,0,,2026-04-05,2026-04-06T07:02:39.402112+00:00,
warmadeeasythemovie.org,15.0,,,,,11.0,15463461,0,0,,2026-04-05,2026-04-06T07:02:42.775122+00:00,
vibebrowser.com,15.0,,,,,0.0,,0,0,,2026-04-05,2026-04-06T07:02:46.097357+00:00,
highwaytohavasumovie.com,15.0,,,,,4.8,27612854,0,0,,2026-04-05,2026-04-06T07:02:48.688854+00:00,
coinexchanee.com,1.0,,,,,0.0,,0,0,,2026-04-05,2026-04-06T07:02:52.019482+00:00,
esdz.com,26.0,,,,,0.7,69745070,0,0,,2026-04-05,2026-04-06T07:02:55.368384+00:00,
pizzaindenver.com,15.0,,,,,0.0,130267131,0,0,,2026-04-05,2026-04-06T07:02:57.991695+00:00,
yodim.com,1.0,,,,,0.0,105935307,0,0,,2026-04-05,2026-04-06T07:03:01.802897+00:00,
agingmen.com,1.0,,,,,0.0,380413876,0,0,,2026-04-05,2026-04-06T07:03:04.401481+00:00,
primebeta.com,1.0,,,,,21.0,7472541,0,0,,2026-04-05,2026-04-06T07:03:06.982694+00:00,
reviewproducts.com,1.0,,,,,0.0,137441706,0,0,,2026-04-05,2026-04-06T07:03:10.057681+00:00,
fortbendnow.com,1.0,,,,,31.0,3349625,0,0,,2026-04-05,2026-04-06T07:03:13.109383+00:00,
vocawiki.net,1.0,,,,,51.0,614803,0,0,,2026-04-05,2026-04-06T07:03:15.685490+00:00,
promptube.com,15.0,,,,,0.0,280556615,0,0,,2026-04-05,2026-04-06T07:03:19.031607+00:00,
egvq.com,95.0,,,,,0.0,124387144,0,0,,2026-04-05,2026-04-06T07:03:22.426509+00:00,
ucvx.com,10.0,,,,,0.0,99912602,0,0,,2026-04-05,2026-04-06T07:03:25.441553+00:00,
easytech.co,7.0,,,,,2.7,56944087,2,0,0.0,2026-04-05,2026-04-06T07:03:27.996486+00:00,
qvqn.com,3.0,,,,,0.0,123981227,0,0,,2026-04-05,2026-04-06T07:03:31.371950+00:00,
wluy.com,3.0,,,,,0.0,124070570,0,0,,2026-04-05,2026-04-06T07:03:34.532079+00:00,
hirebot.com,26.0,,,,,0.0,265995413,0,0,,2026-04-05,2026-04-06T07:03:37.102298+00:00,
ifkx.com,2.0,,,,,0.0,124284965,0,0,,2026-04-05,2026-04-06T07:03:40.441524+00:00,
vnyv.com,2.0,,,,,0.0,124418465,0,0,,2026-04-05,2026-04-06T07:03:43.916384+00:00,
dvyh.com,2.0,,,,,0.0,125292831,0,0,,2026-04-05,2026-04-06T07:03:47.228450+00:00,
achristian.com,2.0,,,,,0.0,283052571,0,0,,2026-04-05,2026-04-06T07:03:50.593909+00:00,
uazm.com,1.0,,,,,0.0,123175751,0,0,,2026-04-05,2026-04-06T07:03:53.729104+00:00,
uqsm.com,1.0,,,,,0.0,125314918,0,0,,2026-04-05,2026-04-06T07:03:56.919841+00:00,
vyhm.com,1.0,,,,,0.0,123526705,0,0,,2026-04-05,2026-04-06T07:03:59.811634+00:00,
uzft.com,1.0,,,,,0.0,123772749,0,0,,2026-04-05,2026-04-06T07:04:03.182801+00:00,
rqcu.com,1.0,,,,,0.0,124878323,0,0,,2026-04-05,2026-04-06T07:04:06.541756+00:00,
genfy.com,15.0,,,,,0.0,124344643,0,0,,2026-04-05,2026-04-06T07:04:09.144969+00:00,
cdnbit.com,65.0,,,,,8.0,29091075,0,0,,2026-04-05,2026-04-06T07:04:11.767687+00:00,
tv36.com,3.0,,,,,1.6,46284581,0,0,,2026-04-05,2026-04-06T07:04:14.364004+00:00,
quantumofsolace.com,1.0,,,,,2.9,36209780,0,0,,2026-04-05,2026-04-06T07:04:17.890393+00:00,
smmpanell.com,15.0,,,,,3.2,33972815,0,0,,2026-04-05,2026-04-06T07:04:22.834120+00:00,
solovi.com,7.0,,,,,0.0,352917170,0,0,,2026-04-05,2026-04-06T07:04:25.404593+00:00,
houseforum.com,6.0,,,,,0.0,233879720,0,0,,2026-04-05,2026-04-06T07:04:29.105740+00:00,
dcadigital.com,1.0,,,,,6.0,25136773,3,0,0.0,2026-04-05,2026-04-06T07:04:31.770765+00:00,
agenciasem.org,1.0,,,,,1.3,48973506,0,0,,2026-04-05,2026-04-06T07:04:34.337677+00:00,
saheb.com,393.0,,,,,0.0,141022826,0,0,,2026-04-05,2026-04-06T07:04:36.879470+00:00,
xtxx.com,216.0,,,,,0.0,99796363,0,0,,2026-04-05,2026-04-06T07:04:40.240735+00:00,
seemaui.com,1.0,,,,,0.0,106211605,0,0,,2026-04-05,2026-04-06T07:04:43.642115+00:00,
islingtonmetal.com,1.0,,,,,11.0,14638579,0,0,,2026-04-05,2026-04-06T07:04:47.020781+00:00,
fontpedia.com,21.0,,,,,0.0,158284899,0,0,,2026-04-05,2026-04-06T07:04:49.611499+00:00,
jiyv.com,2.0,,,,,0.0,130596690,0,0,,2026-04-05,2026-04-06T07:04:52.474558+00:00,
sdhdentallab.com,1.0,,,,,6.0,23548304,3,8,8.04,2026-04-05,2026-04-06T07:04:55.063208+00:00,
6i0.com,150.0,,,,,0.0,389232150,0,0,,2026-04-05,2026-04-06T07:04:57.890865+00:00,
algeriantourism.com,27.0,,,,,27.0,4912412,1,0,0.0,2026-04-05,2026-04-06T07:05:00.608022+00:00,
belez.com,19.0,,,,,0.0,130539721,0,0,,2026-04-05,2026-04-06T07:05:04.136918+00:00,
zrzx.com,1.0,,,,,0.0,252874225,0,0,,2026-04-05,2026-04-06T07:05:06.676304+00:00,
allago.com,1.0,,,,,0.0,385150993,0,0,,2026-04-05,2026-04-06T07:05:09.259988+00:00,
breggy.com,1.0,,,,,0.0,198701753,0,0,,2026-04-05,2026-04-06T07:05:13.087578+00:00,
ouhs.com,50.0,,,,,0.0,302224684,0,0,,2026-04-05,2026-04-06T07:05:16.663516+00:00,
pettle.com,500.0,,,,,1.1,51207772,0,0,,2026-04-05,2026-04-06T07:05:20.147514+00:00,
tares.com,238.0,,,,,0.0,108371254,0,0,,2026-04-05,2026-04-06T07:05:23.461954+00:00,
rewoke.com,28.0,,,,,0.0,394240799,0,0,,2026-04-05,2026-04-06T07:05:26.031534+00:00,
ourvault.com,36.0,,,,,0.0,250421785,0,0,,2026-04-05,2026-04-06T07:05:29.140697+00:00,
mili.net,21.0,,,,,1.1,51553062,0,0,,2026-04-05,2026-04-06T07:05:31.720176+00:00,
amidia.com,31.0,,,,,0.0,211231262,0,0,,2026-04-05,2026-04-06T07:05:35.046381+00:00,
gymforum.com,1.0,,,,,0.0,278894127,0,0,,2026-04-05,2026-04-06T07:05:37.576180+00:00,
justammo.com,1.0,,,,,0.0,250405621,0,0,,2026-04-05,2026-04-06T07:05:41.921516+00:00,
medicineforum.com,1.0,,,,,0.0,231636496,0,0,,2026-04-05,2026-04-06T07:05:45.732047+00:00,
neuronex.com,500.0,,,,,0.0,193270264,0,0,,2026-04-05,2026-04-06T07:05:49.173672+00:00,
expressclub.com,355.0,,,,,0.0,217580124,0,0,,2026-04-05,2026-04-06T07:05:51.714443+00:00,
hkbs.com,32.0,,,,,0.0,131464682,0,0,,2026-04-05,2026-04-06T07:05:54.265027+00:00,
parkproperty.com,53.0,,,,,0.0,131579068,0,0,,2026-04-05,2026-04-06T07:05:57.411833+00:00,
woodwall.com,338.0,,,,,0.4,66323487,0,0,,2026-04-05,2026-04-06T07:06:00.794677+00:00,
indianwear.com,205.0,,,,,0.3,69509363,0,0,,2026-04-05,2026-04-06T07:06:03.644204+00:00,
urbanprime.com,116.0,,,,,0.0,228028967,0,0,,2026-04-05,2026-04-06T07:06:06.381815+00:00,
chinaready.com,21.0,,,,,0.0,255062163,0,0,,2026-04-05,2026-04-06T07:06:09.699328+00:00,
frequent.net,112.0,,,,,0.0,124523334,0,0,,2026-04-05,2026-04-06T07:06:12.334820+00:00,
depit.com,3.0,,,,,0.0,255348692,0,0,,2026-04-05,2026-04-06T07:06:15.806575+00:00,
cautiva.com,1.0,,,,,0.0,226495370,0,0,,2026-04-05,2026-04-06T07:06:19.144708+00:00,
seaming.com,1.0,,,,,0.0,128286705,0,0,,2026-04-05,2026-04-06T07:06:21.698124+00:00,
sugadaddy.com,1.0,,,,,0.0,147779099,0,0,,2026-04-05,2026-04-06T07:06:25.842680+00:00,
truevideos.com,1.0,,,,,0.0,82992277,0,0,,2026-04-05,2026-04-06T07:06:29.235378+00:00,
canarybay.com,1.0,,,,,0.0,136737328,0,0,,2026-04-05,2026-04-06T07:06:31.767678+00:00,
resizeimg.com,1.0,,,,,0.3,68147341,0,0,,2026-04-05,2026-04-06T07:06:34.291952+00:00,
cryptoposts.com,1.0,,,,,0.0,289162646,0,0,,2026-04-05,2026-04-06T07:06:37.693095+00:00,
mirla.com,227.0,,,,,0.0,145150194,0,0,,2026-04-05,2026-04-06T07:06:40.359331+00:00,
revoq.com,56.0,,,,,0.0,85778846,0,0,,2026-04-05,2026-04-06T07:06:43.362650+00:00,
brasier.com,26.0,,,,,0.0,144000836,0,0,,2026-04-05,2026-04-06T07:06:46.007000+00:00,
shutin.com,31.0,,,,,0.0,135968738,0,0,,2026-04-05,2026-04-06T07:06:48.547952+00:00,
dubaiforum.com,53.0,,,,,0.6,59966660,0,0,,2026-04-05,2026-04-06T07:06:51.081384+00:00,
pkmx.com,3.0,,,,,0.0,127435021,0,0,,2026-04-05,2026-04-06T07:06:54.419564+00:00,
cede.co,3.0,,,,,0.0,208097592,0,0,,2026-04-05,2026-04-06T07:06:57.032249+00:00,
vitalrelief.com,2.0,,,,,0.0,233978359,0,0,,2026-04-05,2026-04-06T07:07:00.334218+00:00,
santour.com,1.0,,,,,0.0,334365299,0,0,,2026-04-05,2026-04-06T07:07:03.007833+00:00,
chlodnia.com,1.0,,,,,0.0,126732083,0,0,,2026-04-05,2026-04-06T07:07:06.547362+00:00,
lvault.com,1.0,,,,,0.0,261826445,0,0,,2026-04-05,2026-04-06T07:07:09.091882+00:00,
plona.com,30.0,,,,,0.0,232146793,0,0,,2026-04-05,2026-04-06T07:07:12.629759+00:00,
foodpedia.com,180.0,,,,,0.2,71512028,0,0,,2026-04-05,2026-04-06T07:07:15.980617+00:00,
elementy.com,30.0,,,,,0.0,113454722,0,0,,2026-04-05,2026-04-06T07:07:18.704622+00:00,
decorer.com,12.0,,,,,0.0,128194522,0,0,,2026-04-05,2026-04-06T07:07:24.832616+00:00,
workpedia.com,3.0,,,,,0.0,259779401,0,0,,2026-04-05,2026-04-06T07:07:34.359050+00:00,
guillin.com,1.0,,,,,0.0,105979141,0,0,,2026-04-05,2026-04-06T07:07:37.328579+00:00,
coinsort.com,1.0,,,,,0.0,226503633,0,0,,2026-04-05,2026-04-06T07:07:40.157575+00:00,
prejudiced.com,1.0,,,,,0.0,133536991,0,0,,2026-04-05,2026-04-06T07:07:42.901494+00:00,
fiances.com,205.0,,,,,0.0,145481535,0,0,,2026-04-05,2026-04-06T07:07:46.353759+00:00,
ewap.com,17.0,,,,,0.3,69980375,0,0,,2026-04-05,2026-04-06T07:07:48.943052+00:00,
struna.com,105.0,,,,,0.0,246739909,0,0,,2026-04-05,2026-04-06T07:08:00.090245+00:00,
knni.com,130.0,,,,,0.0,165792896,0,0,,2026-04-05,2026-04-06T07:08:03.772940+00:00,
grappes.com,6.0,,,,,0.0,228369497,0,0,,2026-04-05,2026-04-06T07:08:07.522904+00:00,
doughman.com,8.0,,,,,0.0,125426808,0,0,,2026-04-05,2026-04-06T07:08:10.457357+00:00,
jblue.com,2.0,,,,,0.0,138097242,0,0,,2026-04-05,2026-04-06T07:08:13.048834+00:00,
taxant.com,1.0,,,,,0.0,147768270,0,0,,2026-04-05,2026-04-06T07:08:15.660693+00:00,
overstays.com,1.0,,,,,0.0,153456778,0,0,,2026-04-05,2026-04-06T07:08:19.314034+00:00,
videoveggie.com,1.0,,,,,3.4,33707489,0,0,,2026-04-05,2026-04-06T07:08:23.059809+00:00,
hentaimore.net,1.0,,,,,0.0,88798153,0,0,,2026-04-05,2026-04-06T07:08:25.798992+00:00,
cryptopays.com,5.0,,,,,0.1,127609632,0,0,,2026-04-05,2026-04-06T07:08:29.465635+00:00,
glista.com,1.0,,,,,0.0,138124104,0,0,,2026-04-05,2026-04-06T07:08:32.037231+00:00,
maglites.com,1.0,,,,,0.0,141995805,0,0,,2026-04-05,2026-04-06T07:08:35.185754+00:00,
retroquest.com,1.0,,,,,0.0,118619503,0,0,,2026-04-05,2026-04-06T07:08:38.039511+00:00,
lawcalls.com,1.0,,,,,0.0,133133315,0,0,,2026-04-05,2026-04-06T07:08:41.424142+00:00,
ai2agents.com,1.0,,,,,0.0,,0,0,,2026-04-05,2026-04-06T07:08:43.976241+00:00,
pylar.com,205.0,,,,,0.0,117968127,0,0,,2026-04-05,2026-04-06T07:08:47.616774+00:00,
lumetric.com,3.0,,,,,0.6,60883786,0,0,,2026-04-05,2026-04-06T07:08:50.249948+00:00,
houtai.com,1.0,,,,,0.0,144492300,0,0,,2026-04-05,2026-04-06T07:08:53.675549+00:00,
quipster.com,1.0,,,,,2.2,40916536,0,0,,2026-04-05,2026-04-06T07:08:56.244232+00:00,
rarit.com,1.01,,,,,0.0,234500069,0,0,,2026-04-05,2026-04-06T07:08:59.355788+00:00,
dymedia.com,1.0,,,,,0.0,375801079,0,0,,2026-04-05,2026-04-06T07:09:02.734173+00:00,
wipemyass.com,1.0,,,,,0.0,106950985,0,0,,2026-04-05,2026-04-06T07:09:05.463200+00:00,
boostforce.com,1.0,,,,,0.0,226501807,0,0,,2026-04-05,2026-04-06T07:09:07.998543+00:00,
mushroomdetox.com,1.0,,,,,0.0,149928886,0,0,,2026-04-05,2026-04-06T07:09:10.645543+00:00,
departed.com,225.0,,,,,0.0,106883684,0,0,,2026-04-05,2026-04-06T07:09:13.194999+00:00,
ratas.com,8.0,,,,,0.0,134997554,0,0,,2026-04-05,2026-04-06T07:09:15.772676+00:00,
antao.com,2.0,,,,,0.0,131758333,0,0,,2026-04-05,2026-04-06T07:09:18.555058+00:00,
lifepot.com,1.0,,,,,0.0,341263114,0,0,,2026-04-05,2026-04-06T07:09:21.162838+00:00,
c3k.com,102.0,,,,,7.0,31556487,0,0,,2026-04-05,2026-04-06T07:09:24.797783+00:00,
mupp.com,1.0,,,,,0.4,100201452,0,0,,2026-04-05,2026-04-06T07:09:27.505093+00:00,
pyly.com,1.0,,,,,0.0,123664956,0,0,,2026-04-05,2026-04-06T07:09:30.197309+00:00,
